{"cameraMode":{"drawMode":0,"name":"Shaded","section":"Shading Mode"},"sceneLighting":true,"audioPlay":false,"sceneViewState":{"m_AlwaysRefresh":false,"showFog":true,"showSkybox":true,"showFlares":true,"showImageEffects":true,"showParticleSystems":true,"showVisualEffectGraphs":true,"m_FxEnabled":true},"in2DMode":false,"pivot":{"x":-19.152606964111329,"y":12.966060638427735,"z":-14.368595123291016},"rotation":{"x":0.37228789925575259,"y":-0.38188913464546206,"z":0.17164386808872224,"w":0.8283185958862305},"size":39.32343673706055,"orthographic":true}