{"cameraMode":{"drawMode":0,"name":"Shaded","section":"Shading Mode"},"sceneLighting":true,"audioPlay":false,"sceneViewState":{"m_AlwaysRefresh":false,"showFog":true,"showSkybox":true,"showFlares":true,"showImageEffects":true,"showParticleSystems":true,"showVisualEffectGraphs":true,"m_FxEnabled":true},"in2DMode":false,"pivot":{"x":-0.19976139068603517,"y":2.144043445587158,"z":2.384185791015625e-7},"rotation":{"x":-0.029046673327684404,"y":0.9683856964111328,"z":-0.20731350779533387,"w":-0.1356808990240097},"size":2.203799247741699,"orthographic":true}