{"cameraMode":{"drawMode":0,"name":"Shaded","section":"Shading Mode"},"sceneLighting":true,"audioPlay":false,"sceneViewState":{"m_AlwaysRefresh":false,"showFog":true,"showSkybox":true,"showFlares":true,"showImageEffects":true,"showParticleSystems":true,"showVisualEffectGraphs":true,"m_FxEnabled":true},"in2DMode":false,"pivot":{"x":-12.09000015258789,"y":1.059999942779541,"z":-1.0199999809265137},"rotation":{"x":0.17311854660511018,"y":0.0073864576406776909,"z":-0.001298511866480112,"w":0.9848746657371521},"size":3.2476234436035158,"orthographic":false}