{"cameraMode":{"drawMode":0,"name":"Shaded","section":"Shading Mode"},"sceneLighting":true,"audioPlay":false,"sceneViewState":{"m_AlwaysRefresh":false,"showFog":true,"showSkybox":true,"showFlares":true,"showImageEffects":true,"showParticleSystems":true,"showVisualEffectGraphs":true,"m_FxEnabled":true},"in2DMode":false,"pivot":{"x":-12.09000015258789,"y":1.059999942779541,"z":-1.0199999809265137},"rotation":{"x":0.12672021985054017,"y":0.0820513367652893,"z":-0.010515782982110978,"w":0.9884899854660034},"size":1.5188337564468384,"orthographic":true}